manufacturer,model,form,smartphone,year,units_sold_m
Apple,"iPhone 11, iPhone 11 Pro and iPhone 11 Pro Max",Touchscreen,Yes,2019,159.2
Samsung,"Galaxy S10, Galaxy S10+ and Galaxy S10e",Touchscreen,Yes,2019,37.0
Samsung,Galaxy A10,Touchscreen,Yes,2019,30.3
Xiaomi,Redmi Note 8 and Redmi Note 8 Pro,Touchscreen,Yes,2019,30.0
Samsung,"Galaxy S20, Galaxy S20+ and Galaxy S20 Ultra",Touchscreen,Yes,2020,28.0
Samsung,Galaxy A50,Touchscreen,Yes,2019,24.2
Apple,iPhone SE (2nd generation),Touchscreen,Yes,2020,24.2
Samsung,Galaxy A51,Touchscreen,Yes,2019,23.2
Samsung,Galaxy A20,Touchscreen,Yes,2019,23.1
Xiaomi,Redmi Note 7 and Redmi Note 7 Pro,Touchscreen,Yes,2019,20.0
Huawei,P30 and P30 Pro,Touchscreen,Yes,2019,20.0
Samsung,Galaxy A21s,Touchscreen,Yes,2020,19.4
Samsung,Galaxy A01,Touchscreen,Yes,2019,16.9
Samsung,Galaxy A11,Touchscreen,Yes,2020,15.3
Xiaomi,Redmi Note 9 Pro,Touchscreen,Yes,2020,15.0
Samsung,"Galaxy S21, Galaxy S21+ and Galaxy S21 Ultra",Touchscreen,Yes,2021,13.5
Huawei,Mate 30 and Mate 30 Pro,Touchscreen,Yes,2019,12.0
Xiaomi,Redmi 6A,Touchscreen,Yes,2019,10.0
Oppo,A5,Touchscreen,Yes,2019,9.7
Samsung,Galaxy A30,Touchscreen,Yes,2019,9.2
Xiaomi,Redmi 8A,Touchscreen,Yes,2019,7.3
Xiaomi,Redmi 8,Touchscreen,Yes,2019,6.8
Samsung,Galaxy A10s,Touchscreen,Yes,2019,3.9
Samsung,Galaxy A30s,Touchscreen,Yes,2019,3.4
