manufacturer,model,form,smartphone,year,units_sold_m,Country
Apple,"iPhone 11, iPhone 11 Pro and iPhone 11 Pro Max",Touchscreen,Yes,2019,159.2, United States
Samsung,"Galaxy S10, Galaxy S10+ and Galaxy S10e",Touchscreen,Yes,2019,37.0, South Korea
Samsung,Galaxy A10,Touchscreen,Yes,2019,30.3, South Korea
Xiaomi,Redmi Note 8 and Redmi Note 8 Pro,Touchscreen,Yes,2019,30.0, China
Samsung,"Galaxy S20, Galaxy S20+ and Galaxy S20 Ultra",Touchscreen,Yes,2020,28.0, South Korea
Samsung,Galaxy A50,Touchscreen,Yes,2019,24.2, South Korea
Apple,iPhone SE (2nd generation),Touchscreen,Yes,2020,24.2, United States
Samsung,Galaxy A51,Touchscreen,Yes,2019,23.2, South Korea
Samsung,Galaxy A20,Touchscreen,Yes,2019,23.1, South Korea
Xiaomi,Redmi Note 7 and Redmi Note 7 Pro,Touchscreen,Yes,2019,20.0, China
Huawei,P30 and P30 Pro,Touchscreen,Yes,2019,20.0, China
Samsung,Galaxy A21s,Touchscreen,Yes,2020,19.4, South Korea
Samsung,Galaxy A01,Touchscreen,Yes,2019,16.9, South Korea
Samsung,Galaxy A11,Touchscreen,Yes,2020,15.3, South Korea
Xiaomi,Redmi Note 9 Pro,Touchscreen,Yes,2020,15.0, China
Samsung,"Galaxy S21, Galaxy S21+ and Galaxy S21 Ultra",Touchscreen,Yes,2021,13.5, South Korea
Huawei,Mate 30 and Mate 30 Pro,Touchscreen,Yes,2019,12.0, China
Xiaomi,Redmi 6A,Touchscreen,Yes,2019,10.0, China
Oppo,A5,Touchscreen,Yes,2019,9.7, China
Samsung,Galaxy A30,Touchscreen,Yes,2019,9.2, South Korea
Xiaomi,Redmi 8A,Touchscreen,Yes,2019,7.3, China
Xiaomi,Redmi 8,Touchscreen,Yes,2019,6.8, China
Samsung,Galaxy A10s,Touchscreen,Yes,2019,3.9, South Korea
Samsung,Galaxy A30s,Touchscreen,Yes,2019,3.4, South Korea
