manufacturer;model;form;smartphone;year;units_sold_m;Country;Storage;RAM;Battery;launch_price_usd
Samsung;Galaxy S21, Galaxy S21+ and Galaxy S21 Ultra;Touchscreen;Yes;2021;13,50; South Korea;128GB, 256GB, 512GB;8GB, 12GB, 16GB;4000mAh, 4800mAh, 5000mAh;$1 199.00
Xiaomi;Redmi Note 9 Pro;Touchscreen;Yes;2020;15,00; China;64GB, 128GB;6GB;5020mAh;$269.00
Samsung;Galaxy A11;Touchscreen;Yes;2020;15,30; South Korea;32GB, 64GB;2GB, 3GB;4000mAh;$175.00
Samsung;Galaxy A21s;Touchscreen;Yes;2020;19,40; South Korea;32GB, 64GB;3GB, 4GB, 6GB;5000mAh;$240.00
Apple;iPhone SE (2nd generation);Touchscreen;Yes;2020;24,20; United States;64GB, 128GB, 256GB;3GB;1821mAh;$1 099.00
Samsung;Galaxy S20, Galaxy S20+ and Galaxy S20 Ultra;Touchscreen;Yes;2020;28,00; South Korea;128GB, 512GB, 1TB;12GB, 16GB;5000mAh;$995.00, $1105, $1488
Samsung;Galaxy A30s;Touchscreen;Yes;2019;3,40; South Korea;32GB, 64GB, 128GB;3GB, 4GB;4000mAh;$250.00
Samsung;Galaxy A10s;Touchscreen;Yes;2019;3,90; South Korea;32GB;2GB;3400mAh;$120.00
Xiaomi;Redmi 8;Touchscreen;Yes;2019;6,80; China;32GB, 64GB;3GB, 4GB;5000mAh;$140.00
Xiaomi;Redmi 8A;Touchscreen;Yes;2019;7,30; China;32GB, 64GB;3GB, 4GB;5000mAh;$100.00
Samsung;Galaxy A30;Touchscreen;Yes;2019;9,20; South Korea;32GB, 64GB;3GB, 4GB;4000mAh;$230.00
Oppo;A5;Touchscreen;Yes;2019;9,70; China;32GB;3GB;3000mAh;
Xiaomi;Redmi 6A;Touchscreen;Yes;2019;10,00; China;16GB, 32GB;2GB;3000mAh;
Huawei;Mate 30 and Mate 30 Pro;Touchscreen;Yes;2019;12,00; China;128GB, 256GB;8GB;4200mAh, 4500mAh;$1 200.00
Samsung;Galaxy A01;Touchscreen;Yes;2019;16,90; South Korea;16GB, 32GB;2GB;3000mAh;$100.00
Xiaomi;Redmi Note 7 and Redmi Note 7 Pro;Touchscreen;Yes;2019;20,00; China;32GB, 64GB, 128GB;3GB, 4GB, 6GB;4000mAh;$1 199.00
Huawei;P30 and P30 Pro;Touchscreen;Yes;2019;20,00; China;128GB, 256GB, 512GB;6GB, 8GB;3650mAh, 4200mAh;$1 399.00
Samsung;Galaxy A20;Touchscreen;Yes;2019;23,10; South Korea;32GB;3GB;4000mAh;$217.00
Samsung;Galaxy A51;Touchscreen;Yes;2019;23,20; South Korea;32GB;3GB;3000mAh;$272.00
Samsung;Galaxy A50;Touchscreen;Yes;2019;24,20; South Korea;32GB;3GB;3000mAh;$382.00
Xiaomi;Redmi Note 8 and Redmi Note 8 Pro;Touchscreen;Yes;2019;30,00; China;64GB, 128GB, 256GB;6GB, 8GB;4500mAh;$209.00
Samsung;Galaxy A10;Touchscreen;Yes;2019;30,30; South Korea;32GB;2GB;3400mAh;$130.00
Samsung;Galaxy S10, Galaxy S10+ and Galaxy S10e;Touchscreen;Yes;2019;37,00; South Korea;128GB, 256GB;6GB, 8GB;3100mAh;$995.00, $1105, $831
Apple;iPhone 11, iPhone 11 Pro and iPhone 11 Pro Max;Touchscreen;Yes;2019;159,20; United States;64GB, 256GB, 512GB;4GB;3969mAh;$699.00
Apple;iPhone 12, iPhone 12 Mini, iPhone 12 Pro, iPhone 12 Pro Max;Touchscreen;Yes;2020;54.8;United States;64GB, 128GB, 256GB;4GB, 6GB;2815mAh, 3687mAh;$995, $886, $1379